[
  {
    "level": "interval",
    "name": "AgeAtStart",
    "length": 8,
    "type": "decimal"
  },
  {
    "level": "interval",
    "name": "Cholesterol",
    "length": 8,
    "type": "decimal"
  },
  {
    "level": "interval",
    "name": "Diastolic",
    "length": 8,
    "type": "decimal"
  },
  {
    "level": "nominal",
    "name": "Sex",
    "length": 6,
    "type": "string"
  },
  {
    "level": "interval",
    "name": "Smoking",
    "length": 8,
    "type": "decimal"
  },
  {
    "level": "interval",
    "name": "Systolic",
    "length": 8,
    "type": "decimal"
  },
  {
    "level": "interval",
    "name": "Weight",
    "length": 8,
    "type": "decimal"
  }
]