{
  "custom properties": [
    {
      "name": "type",
      "type": "string",
      "value": "CAS_MODEL"
    }
  ],
  "externalUrl": "",
  "predictionVariable": "",
  "modelVersionName": "1.0",
  "trainTable": "/dataTables/dataSources/cas~fs~cas-shared-default~fs~helpdata/tables/HEART",
  "trainCodeType": "",
  "description": "",
  "tool": "SAS® Visual Analytics",
  "toolVersion": "2021.1.4",
  "targetVariable": "Status",
  "scoreCodeType": "ds2MultiType",
  "externalModelId": "",
  "createdBy": "sbxxab",
  "function": "classification",
  "eventProbVar": "",
  "modeler": "sbxxab",
  "name": "Viya_App_Gradient_boosting",
  "modifiedTimeStamp": "2021-09-14T08:19:52 UTC",
  "modifiedBy": "sbxxab",
  "id": "a8933457-52f9-4d0a-a924-c687da4155a7",
  "creationTimeStamp": "2021-09-14T08:19:47 UTC",
  "targetEvent": "Dead",
  "targetLevel": "",
  "algorithm": "gradboost"
}
